"","AACGCACATTGCGCCCCGTGGTATTCCGCGGGGCATGCCTGTTCGAGCGTCATTTAAACCCATCAAGCCTCGGCTTGGTCTTGGGGCCTGCGGTTTCGCAGCCTCTAAACGCAGTGGCGGTGCTATCGAGCTCTGAGCGTAGTAAATCTC","AACGCACATTGCGCCCCTTGGTATTCCGAGGGGCATGCCTATTCGAGCGTCATTATCACCCCTCAAGCTCAGCTTGGTGTTGAGGCCTGCTGTCAAGGCAGCCTCTAAAAGCAGTGGCAGTGCTGTCAGGCTCTAAGCGTAGTAATCTCT","AACGCACATTGCGCCCCGTGGTATTCCGCGGGGCATGCCTGTTCGAGCGTCATTACAACCCCTCAAGCTCACGCTTGGTATTGGAGCATGCGGTCTCGCAGCTCCTAAACTCAGTGGCGGTGCCATCGAGCTCTGAGCGTAGTAAATTTT","AACGCACATTGCGCCCTGTGGTATTCCGCAGGGCATGCCTGTTCGAGCGTCATTTCAACCCATCAAGCTTACGCTTGGTATTGGGGCCTGCGGTTTCGCAGCCTCTAAACTCAGTGGCGGTGCAACTGAGCTCTGAGCGTAGTAATTTTT","AACGCACATTGCGCCCTCTGGTATTCCGGGGGGCATGCCTGTTCGAGCGTCATTACAACCCTCAAGCTCTGCTTGGTATTAGGCTTCACCCTTCGGGGCGGGCCTCAAAATCAGTGGCGGTGCCATTCGGCTTCAAGCGTAGTAATTTTT","AACGCACATTGCGCCCTCTGGTATTCCGGGGGGCATGCCTGTTCGAGCGTCATTACAACCCTCAAGCTCTGCTTGGTATTGGGTGCCGCCCCCCACGGGGCGCGCCTTAAAGACAGTGGCGGTGCCGTCCGGCTCCAAGCGTAGTAATTC","AACGCACATTGCGCCCCGTGGTATTCCGCGGGGCATGCCTGTTCGAGCGTCATTACAACCCCTCAAGCTCACGCTTGGTATTGGAGCATGCGGTCTCGCAGCCCCTAAACTCAGTGGCGGTGCCATCGAGCTCTGAGCGTAGTAAATTTT","AACGCACATTGCGCCCCTTGGTATTCCGGGGGGCATGCCTGTTCGAGCGTCATTACAACCCTCAAGCTCTGCTTGGTATTGGGCCTCACCCTTACGGGTGTGCTCTAAAATCAGTGGCGGTGCCGTCTGGCTCTAAGCGTAGTAAATCTC","AACGCACATTGCGCCCCTTGGTATTCCGAGGGGCATGCCTATTCGAGCGTCATTATCACCCCTCAAGCCTAGCTTGGTGTTGAGGCCTGCTGTCAAGGCAGCCTCTAAAATCAGTGGCAGTGCTGTCAGGCTCTAAGCGTAGTAAAATTC","AACGCACATTGCGCCCGCTGGTATTCCGGCGGGCATGCCTGTTCGAGCGTCATTATGACCAACTCACGCTCCGCGTGGTCTTGGGGTCCGCTGCCTCGGCGGCCCCTAAACGCAGTGGCGGTGCCGTGCGGCTCTCCGCGTAGTAATACT","AACGCACATTGCGCCCCTTGGTATTCCGAGGGGCATGCCTATTCGAGCGTCATTATCACCCCTCAAGCCTAGCTTGGTGTTGAGGCCTGCTGTCAAGGCAGCCTCTAAAATCAGTGGCAGTGCTGTCAGGCTCTAAGCGTAGTAAATCTA","AACGCACATTGCGCCCCCTGGTATTCCGGGGGGCATGCCTGTTCGAGCGTCATTACAACCCTCAAGCTCTGCTTGGTATTGGGTGCCGTCCCCCGGGGCGCACCTTAAAGACAGTGGCGGTGCCGTCCGGCTCCAAGCGTAGTAATTCTT","AACGCACATTGCGCCCCGTGGTATTCCGCGGGGCATGCCTGTTCGAGCGTCATTATGACCAATCCAGCTCGCTGGGTCTTGGGCACCGCCGTCTGGCGGGCCTCAAAATTAGTGGCGGTCCGGCCGGGCTCTGAGCGTAGTACATCTTCT","AACGCACATTGCGCCCCGTGGTATTCCGCGGGGCATGCCTGTTCGAGCGTCATTATAACCCATCCCGCTCGCGGGGTCTTGGGCACCGCCTCTAGGCGGGCCTCAAAATCAGTGGCGGTACGGCCGGGCTCTGAGCGTAGTAAATCTTCT","AACGCACATTGCGCCCCGTGGTATTCCGCGGGGCATGCCTGTTCGAGCGTCATTTCAACCCATCAAGCTTCGGCTTGGTCTTGGGGCCTGCGGTTTCGCAGCCTCTAAACCCAGTGGCGGTGCTATTGAGCTCTGAGCGTAGTAATTTTT","AACGCACATTGCGCCCCGTGGTATTCCGCGGGGCATGCCTGTTCGAGCGTCATTATAACCAATCCAGCTCGCTGGGTCTTGGGCACCGCCGCCTGGCGGGCCTCAAAAGCAGTGGCGGTACGGCCGGGCTCTGAGCGTAGTAAATCTTCT","AACGCACATTGCGCCCCGTGGTATTCCGCGGGGCATGCCTGTTCGAACGTCATAATGACCAATCCCGCTCGCGGGGTCTTGGGCACCGCCGTCTGGCGGGCCTCAAAATCAGTGGCGGTACGGCCGGGCTCTGAGCGTAGTAAATCTTCT","AACGCACATTGCGCCCTGTGGCATTCCGCAGGGCATGCCTGTTCGAGCGTCATTTAAAACCCCTCAAGCTCTGCTTGGTGTTGGGCGTTTGTCCTGCCTCTCTGGTATAGACTCGCCTCAAATATATTGGCAGCTGTCACCCTGGCTTCA","AACGCACATTGCGCCTCCGGGTATTCCTGGAGGCATGCCTGTTCGAGCGTCGTTAAAGACCATAAGGCTTTGCCTTGCGATGAGTTTCTGGCAGTCTCCGGAGAAGCCAGTTGCTTCAAACTGATTGGCGTCTGAAGTTAGCCCAAGCAC"
"NG-18809-DFG-ITS1-13_lib318461_6317_1",101456,39305,8238,50625,65758,588,24,0,21,1176,0,0,0,0,0,0,0,0,0
"NG-18809-DFG-ITS1-14_lib318462_6317_1",41760,1569,5309,3266,35573,5754,0,1204,26,805,0,73,675,644,3658,19,53,29,0
"NG-18809-DFG-ITS1-15_lib318463_6317_1",29345,9961,92389,56144,29421,1746,0,0,0,0,0,0,0,0,0,0,0,0,0
"NG-18809-DFG-ITS1-16_lib318464_6317_1",26482,103301,8764,12111,79508,21,0,0,0,0,0,0,0,0,0,0,0,0,0
"NG-18809-DFG-ITS1-21_lib318469_6317_1",108209,1009,7216,16303,83445,3103,0,0,0,0,0,0,0,0,0,0,0,0,0
"NG-18809-DFG-ITS1-24_lib318472_6317_1",49721,24462,30043,43657,136020,275,0,83,351,278,0,0,0,0,0,0,0,0,0
"NG-18809-DFG-ITS1-30_lib318478_6317_1",56429,126204,12489,113808,5982,12150,0,0,0,56,0,0,0,0,0,0,0,0,0
"NG-18809-DFG-ITS1-34_lib318482_6317_1",47511,1549,39572,45999,901,18,52027,0,0,0,0,0,0,0,0,0,0,0,0
"NG-18809-DFG-ITS1-36_lib318484_6317_1",41606,597,4125,7670,102894,12527,11,2472,480,272,0,173,133,236,0,64,0,0,0
"NG-18809-DFG-ITS1-4_lib318452_6317_1",15627,24513,12324,85980,9059,93233,6105,0,0,0,0,0,0,0,0,0,0,0,0
"NG-18809-DFG-ITS1-45_lib318493_6317_1",6358,458,17824,838,24624,11664,0,2422,369,965,3831,0,0,1248,0,238,475,0,6
"NG-18809-DFG-ITS1-47_lib318495_6317_1",24705,625,6770,37992,54752,3946,19753,0,0,0,0,0,0,0,0,0,0,0,0
"NG-18809-DFG-ITS1-5_lib318453_6317_1",50310,5954,69782,142598,18493,420,15402,0,0,0,0,0,0,0,0,0,0,0,0
"NG-18809-DFG-ITS1-6_lib318454_6317_1",24521,45614,69078,54855,20647,5498,0,0,0,171,0,0,0,6,0,0,0,0,0
"NG-18809-DFG-ITS1-8_lib318456_6317_1",18920,94974,9981,122665,12530,397,0,0,0,139,0,0,0,0,0,0,0,0,0
"NG-18810-DFG-ITS2-0_lib317646_6313_1",15328,29453,46820,9198,62003,2919,25,0,55,7,0,0,0,0,0,0,0,0,0
"NG-18810-DFG-ITS2-15_lib318510_6313_1",35559,2084,3176,1207,77057,6901,0,1524,144,104,0,140,51,0,0,8,0,0,0
"NG-18810-DFG-ITS2-18_lib318513_6313_1",20684,461,3868,1213,39199,1999,0,3435,535,0,182,189,44,71,0,18,0,0,0
"NG-18810-DFG-ITS2-20_lib318515_6313_1",52101,2155,5390,1516,79146,6747,0,2781,972,686,0,143,135,53,0,0,0,0,0
"NG-18810-DFG-ITS2-21_lib318516_6313_1",41924,17024,124781,40578,15287,2934,2750,0,0,0,0,0,0,0,0,0,0,0,0
"NG-18810-DFG-ITS2-24_lib318519_6313_1",10905,82168,7180,118606,16017,16635,0,29,0,0,0,0,0,0,0,0,0,0,0
"NG-18810-DFG-ITS2-26_lib318521_6313_1",26565,1411,5372,950,79022,9468,0,3517,1229,719,0,1085,36,61,0,664,0,0,0
"NG-18810-DFG-ITS2-27_lib318522_6313_1",590,94434,40015,81087,2575,1177,0,6,23,0,0,0,0,0,0,0,0,0,0
"NG-18810-DFG-ITS2-28_lib318523_6313_1",92297,5302,18746,60721,49920,10262,138,44,0,0,0,0,0,0,0,0,0,0,0
"NG-18810-DFG-ITS2-3_lib318498_6313_1",48202,607,8384,776,34957,5451,0,1747,0,0,0,83,40,0,207,0,73,0,0
"NG-18810-DFG-ITS2-34_lib318529_6313_1",32176,38638,32491,95268,45685,354,0,0,76,0,0,0,0,0,0,0,0,0,0
"NG-18810-DFG-ITS2-39_lib318534_6313_1",46982,1280,19024,1244,16771,3674,0,1324,293,119,0,0,434,132,0,0,0,0,0
"NG-18810-DFG-ITS2-42_lib318537_6313_1",101652,1523,18254,2417,43064,1250,0,829,514,457,337,0,62,187,0,30,40,0,0
"NG-18810-DFG-ITS2-43_lib318538_6313_1",66964,3500,32530,8820,46044,504,0,41,0,0,0,0,0,0,0,0,0,0,0
"NG-18810-DFG-ITS2-9_lib318504_6313_1",74783,4072,28588,18652,124633,351,0,0,0,0,0,0,0,0,0,0,0,0,0
